"word","sentiment","n"
"ill","negative",20
"death","negative",16
"hate","negative",16
"black","negative",13
"lie","negative",13
"die","negative",12
"woe","negative",12
"leave","negative",10
"shame","negative",10
"words","negative",10
"decay","negative",9
"lose","negative",9
"loss","negative",9
"mistress","negative",9
"cruel","negative",8
"disgrace","negative",8
"fear","negative",8
"hell","negative",8
"sin","negative",8
"bad","negative",7
"cold","negative",7
"excuse","negative",7
"foul","negative",7
"waste","negative",7
"argument","negative",6
"blind","negative",6
"dull","negative",6
"dumb","negative",6
"mad","negative",6
"sick","negative",6
"slave","negative",6
"spent","negative",6
"steal","negative",6
"war","negative",6
"wrong","negative",6
"absence","negative",5
"barren","negative",5
"boast","negative",5
"buried","negative",5
"calls","negative",5
"canker","negative",5
"doom","negative",5
"fell","negative",5
"grief","negative",5
"kill","negative",5
"mortal","negative",5
"pain","negative",5
"rage","negative",5
"sorrow","negative",5
"spite","negative",5
"subject","negative",5
"worse","negative",5
"absent","negative",4
"abundance","negative",4
"blame","negative",4
"crime","negative",4
"evil","negative",4
"groan","negative",4
"lack","negative",4
"lost","negative",4
"sinful","negative",4
"smell","negative",4
"thief","negative",4
"weary","negative",4
"weeds","negative",4
"wound","negative",4
"abuse","negative",3
"bastard","negative",3
"bloody","negative",3
"blot","negative",3
"bonds","negative",3
"boy","negative",3
"conceit","negative",3
"conquest","negative",3
"cross","negative",3
"cunning","negative",3
"desert","negative",3
"despair","negative",3
"fall","negative",3
"fault","negative",3
"fight","negative",3
"fool","negative",3
"forbid","negative",3
"frown","negative",3
"grave","negative",3
"infection","negative",3
"injury","negative",3
"losing","negative",3
"mourn","negative",3
"pine","negative",3
"plague","negative",3
"plea","negative",3
"stain","negative",3
"stone","negative",3
"suspect","negative",3
"torment","negative",3
"tyrant","negative",3
"unkind","negative",3
"vulgar","negative",3
"wanting","negative",3
"wear","negative",3
"weep","negative",3
"wretched","negative",3
"abhor","negative",2
"bark","negative",2
"beast","negative",2
"betray","negative",2
"bitterness","negative",2
"bore","negative",2
"bound","negative",2
"broke","negative",2
"chase","negative",2
"confound","negative",2
"contracted","negative",2
"copy","negative",2
"corrupt","negative",2
"cry","negative",2
"curse","negative",2
"deceased","negative",2
"deceive","negative",2
"defect","negative",2
"deny","negative",2
"despise","negative",2
"discontent","negative",2
"disdain","negative",2
"doubting","negative",2
"dust","negative",2
"fade","negative",2
"falsehood","negative",2
"feeling","negative",2
"fickle","negative",2
"fiend","negative",2
"fierce","negative",2
"folly","negative",2
"force","negative",2
"forfeit","negative",2
"forget","negative",2
"forsake","negative",2
"gross","negative",2
"grounded","negative",2
"guilty","negative",2
"heavily","negative",2
"hideous","negative",2
"humble","negative",2
"hungry","negative",2
"ignorance","negative",2
"influence","negative",2
"injurious","negative",2
"lofty","negative",2
"lust","negative",2
"mother","negative",2
"mourning","negative",2
"murderous","negative",2
"nay","negative",2
"neglect","negative",2
"possession","negative",2
"poverty","negative",2
"prey","negative",2
"ransom","negative",2
"remove","negative",2
"robbery","negative",2
"sap","negative",2
"scorn","negative",2
"sensual","negative",2
"shun","negative",2
"slander","negative",2
"small","negative",2
"soil","negative",2
"sour","negative",2
"stealing","negative",2
"suffer","negative",2
"sullen","negative",2
"temptation","negative",2
"tired","negative",2
"torture","negative",2
"trespass","negative",2
"unknown","negative",2
"untrue","negative",2
"vainly","negative",2
"wail","negative",2
"wait","negative",2
"wasteful","negative",2
"worthless","negative",2
"wretch","negative",2
"wrought","negative",2
"accident","negative",1
"accusing","negative",1
"adverse","negative",1
"alien","negative",1
"allege","negative",1
"ambush","negative",1
"anger","negative",1
"angry","negative",1
"annoy","negative",1
"arrest","negative",1
"ashes","negative",1
"backward","negative",1
"badness","negative",1
"bait","negative",1
"bankrupt","negative",1
"bearer","negative",1
"beggar","negative",1
"bereft","negative",1
"bier","negative",1
"blindness","negative",1
"blush","negative",1
"brag","negative",1
"breach","negative",1
"broken","negative",1
"captive","negative",1
"case","negative",1
"cheap","negative",1
"complain","negative",1
"confess","negative",1
"confine","negative",1
"confounded","negative",1
"conspire","negative",1
"contrary","negative",1
"correction","negative",1
"corrupting","negative",1
"coward","negative",1
"creature","negative",1
"creep","negative",1
"critic","negative",1
"crying","negative",1
"darkness","negative",1
"deaf","negative",1
"debt","negative",1
"debtor","negative",1
"deceived","negative",1
"decrease","negative",1
"decrepit","negative",1
"defeat","negative",1
"defeated","negative",1
"defy","negative",1
"delayed","negative",1
"denied","negative",1
"desperate","negative",1
"detain","negative",1
"devil","negative",1
"devour","negative",1
"disabled","negative",1
"disease","negative",1
"distraction","negative",1
"doubt","negative",1
"drooping","negative",1
"drown","negative",1
"dun","negative",1
"dying","negative",1
"endless","negative",1
"enmity","negative",1
"err","negative",1
"error","negative",1
"excess","negative",1
"expire","negative",1
"expired","negative",1
"extremity","negative",1
"falsely","negative",1
"famine","negative",1
"fate","negative",1
"fawn","negative",1
"fearful","negative",1
"fearfully","negative",1
"fearing","negative",1
"fee","negative",1
"feeble","negative",1
"fits","negative",1
"fleece","negative",1
"foe","negative",1
"foolish","negative",1
"forced","negative",1
"forgotten","negative",1
"forlorn","negative",1
"forsaken","negative",1
"frantic","negative",1
"fury","negative",1
"ghastly","negative",1
"grieve","negative",1
"guilt","negative",1
"hanging","negative",1
"harmful","negative",1
"hatred","negative",1
"hearing","negative",1
"hearsay","negative",1
"heinous","negative",1
"heretic","negative",1
"hidden","negative",1
"hurt","negative",1
"idolatry","negative",1
"imitated","negative",1
"impair","negative",1
"inferior","negative",1
"informer","negative",1
"iniquity","negative",1
"insufficiency","negative",1
"jail","negative",1
"jealous","negative",1
"jealousy","negative",1
"lace","negative",1
"lacking","negative",1
"late","negative",1
"lesser","negative",1
"loathsome","negative",1
"lord","negative",1
"lying","negative",1
"madness","negative",1
"mar","negative",1
"melancholy","negative",1
"mistake","negative",1
"misuse","negative",1
"mortality","negative",1
"mournful","negative",1
"mud","negative",1
"needy","negative",1
"neglected","negative",1
"oblivion","negative",1
"offend","negative",1
"oppression","negative",1
"outcast","negative",1
"overthrow","negative",1
"overturn","negative",1
"painful","negative",1
"perish","negative",1
"petty","negative",1
"plight","negative",1
"poison","negative",1
"pomp","negative",1
"poorly","negative",1
"prison","negative",1
"prisoner","negative",1
"profane","negative",1
"pry","negative",1
"purge","negative",1
"rack","negative",1
"rebel","negative",1
"refuse","negative",1
"remains","negative",1
"reproach","negative",1
"revenge","negative",1
"revolt","negative",1
"revolution","negative",1
"riot","negative",1
"ruin","negative",1
"sadly","negative",1
"savage","negative",1
"scandal","negative",1
"scarcely","negative",1
"servant","negative",1
"shady","negative",1
"shoot","negative",1
"sickly","negative",1
"sickness","negative",1
"siren","negative",1
"slavery","negative",1
"slay","negative",1
"smother","negative",1
"spoil","negative",1
"starved","negative",1
"stern","negative",1
"storm","negative",1
"stormy","negative",1
"strained","negative",1
"strangle","negative",1
"strife","negative",1
"subsist","negative",1
"sue","negative",1
"suffering","negative",1
"sunk","negative",1
"surly","negative",1
"theft","negative",1
"torn","negative",1
"transgression","negative",1
"travail","negative",1
"treason","negative",1
"trifle","negative",1
"tripping","negative",1
"tyranny","negative",1
"ugly","negative",1
"uncertain","negative",1
"unfair","negative",1
"unjust","negative",1
"untold","negative",1
"usury","negative",1
"vanished","negative",1
"vengeful","negative",1
"vice","negative",1
"wane","negative",1
"wasted","negative",1
"watery","negative",1
"weakness","negative",1
"weight","negative",1
"wild","negative",1
"woeful","negative",1
