"word","sentiment","n"
"love","positive",168
"sweet","positive",56
"beauty","positive",52
"art","positive",51
"fair","positive",44
"true","positive",38
"praise","positive",28
"truth","positive",23
"dear","positive",22
"worth","positive",19
"good","positive",15
"youth","positive",15
"friend","positive",14
"proud","positive",14
"full","positive",13
"kind","positive",12
"prove","positive",12
"grace","positive",11
"happy","positive",11
"pride","positive",11
"sun","positive",11
"found","positive",10
"loving","positive",10
"spirit","positive",10
"save","positive",9
"store","positive",9
"treasure","positive",9
"blessed","positive",8
"child","positive",8
"delight","positive",8
"glory","positive",8
"grow","positive",8
"joy","positive",8
"lovely","positive",8
"outward","positive",7
"sing","positive",7
"swear","positive",7
"tender","positive",7
"virtue","positive",7
"white","positive",7
"fortune","positive",6
"green","positive",6
"hope","positive",6
"music","positive",6
"precious","positive",6
"present","positive",6
"reason","positive",6
"rest","positive",6
"sweets","positive",6
"swift","positive",6
"wealth","positive",6
"wit","positive",6
"angel","positive",5
"antique","positive",5
"birth","positive",5
"boast","positive",5
"faith","positive",5
"gift","positive",5
"gracious","positive",5
"merit","positive",5
"shape","positive",5
"strength","positive",5
"worthy","positive",5
"abundance","positive",4
"bath","positive",4
"comfort","positive",4
"count","positive",4
"gain","positive",4
"grant","positive",4
"holy","positive",4
"increase","positive",4
"knowing","positive",4
"leisure","positive",4
"numbers","positive",4
"prime","positive",4
"public","positive",4
"respect","positive",4
"sea","positive",4
"sense","positive",4
"shine","positive",4
"substance","positive",4
"young","positive",4
"action","positive",3
"advantage","positive",3
"approve","positive",3
"conscience","positive",3
"constancy","positive",3
"constant","positive",3
"cunning","positive",3
"eat","positive",3
"fame","positive",3
"general","positive",3
"god","positive",3
"greater","positive",3
"growth","positive",3
"heavenly","positive",3
"kiss","positive",3
"knowledge","positive",3
"lawful","positive",3
"maiden","positive",3
"main","positive",3
"manners","positive",3
"pay","positive",3
"pretty","positive",3
"star","positive",3
"teach","positive",3
"triumph","positive",3
"virtuous","positive",3
"vow","positive",3
"adjunct","positive",2
"aid","positive",2
"alive","positive",2
"ay","positive",2
"benefit","positive",2
"bold","positive",2
"bounty","positive",2
"captain","positive",2
"careful","positive",2
"concord","positive",2
"content","positive",2
"ease","positive",2
"esteem","positive",2
"excellence","positive",2
"feeling","positive",2
"fore","positive",2
"fortify","positive",2
"giving","positive",2
"glad","positive",2
"gold","positive",2
"goodness","positive",2
"guard","positive",2
"healthful","positive",2
"humble","positive",2
"husbandry","positive",2
"influence","positive",2
"interest","positive",2
"journey","positive",2
"kindness","positive",2
"king","positive",2
"lead","positive",2
"learn","positive",2
"learning","positive",2
"level","positive",2
"liberty","positive",2
"majesty","positive",2
"master","positive",2
"monument","positive",2
"mother","positive",2
"mutual","positive",2
"noted","positive",2
"patience","positive",2
"peace","positive",2
"perfect","positive",2
"perfection","positive",2
"powerful","positive",2
"prepare","positive",2
"presence","positive",2
"quest","positive",2
"question","positive",2
"remedy","positive",2
"render","positive",2
"replete","positive",2
"reserve","positive",2
"salve","positive",2
"sensual","positive",2
"special","positive",2
"spirits","positive",2
"strongly","positive",2
"survive","positive",2
"sweetness","positive",2
"title","positive",2
"triumphant","positive",2
"wise","positive",2
"wits","positive",2
"womb","positive",2
"wondrous","positive",2
"word","positive",2
"abundant","positive",1
"acceptable","positive",1
"acceptance","positive",1
"achieve","positive",1
"admire","positive",1
"adore","positive",1
"advance","positive",1
"affable","positive",1
"afford","positive",1
"amen","positive",1
"amends","positive",1
"array","positive",1
"assistance","positive",1
"assured","positive",1
"authority","positive",1
"aye","positive",1
"banquet","positive",1
"beautiful","positive",1
"blessing","positive",1
"blessings","positive",1
"bliss","positive",1
"boldness","positive",1
"brains","positive",1
"bravery","positive",1
"brightness","positive",1
"building","positive",1
"celestial","positive",1
"ceremony","positive",1
"cheer","positive",1
"cherish","positive",1
"chronicle","positive",1
"civil","positive",1
"clean","positive",1
"closure","positive",1
"commend","positive",1
"committed","positive",1
"composed","positive",1
"confess","positive",1
"convert","positive",1
"cool","positive",1
"correspondence","positive",1
"credit","positive",1
"crowning","positive",1
"crystal","positive",1
"darling","positive",1
"debate","positive",1
"delighted","positive",1
"deserve","positive",1
"desiring","positive",1
"determination","positive",1
"determined","positive",1
"dignified","positive",1
"dignity","positive",1
"distillation","positive",1
"doctor","positive",1
"dove","positive",1
"eager","positive",1
"elder","positive",1
"eloquence","positive",1
"endless","positive",1
"endure","positive",1
"enjoy","positive",1
"enlighten","positive",1
"enrich","positive",1
"entertain","positive",1
"evident","positive",1
"exceed","positive",1
"excel","positive",1
"excellent","positive",1
"faculty","positive",1
"fairly","positive",1
"familiar","positive",1
"feature","positive",1
"female","positive",1
"flow","positive",1
"food","positive",1
"forgive","positive",1
"forward","positive",1
"fragrant","positive",1
"frank","positive",1
"freedom","positive",1
"glowing","positive",1
"goodly","positive",1
"graciously","positive",1
"harvest","positive",1
"homage","positive",1
"honest","positive",1
"honey","positive",1
"hush","positive",1
"hymn","positive",1
"idol","positive",1
"immortal","positive",1
"impart","positive",1
"impression","positive",1
"intelligence","positive",1
"inviting","positive",1
"join","positive",1
"jump","positive",1
"lace","positive",1
"lamb","positive",1
"land","positive",1
"league","positive",1
"lesson","positive",1
"lord","positive",1
"lover","positive",1
"luck","positive",1
"march","positive",1
"marriage","positive",1
"marvel","positive",1
"measured","positive",1
"mercy","positive",1
"miracle","positive",1
"nurse","positive",1
"pardon","positive",1
"partake","positive",1
"passion","positive",1
"patent","positive",1
"patient","positive",1
"perceive","positive",1
"phoenix","positive",1
"physician","positive",1
"pleasant","positive",1
"pleased","positive",1
"politic","positive",1
"praised","positive",1
"pray","positive",1
"preserve","positive",1
"progress","positive",1
"promise","positive",1
"provide","positive",1
"purity","positive",1
"quiet","positive",1
"receiving","positive",1
"relief","positive",1
"remains","positive",1
"repay","positive",1
"repent","positive",1
"repose","positive",1
"respects","positive",1
"restful","positive",1
"retention","positive",1
"revolution","positive",1
"rider","positive",1
"rightly","positive",1
"ripe","positive",1
"rising","positive",1
"rosy","positive",1
"ruth","positive",1
"saint","positive",1
"score","positive",1
"seal","positive",1
"share","positive",1
"sky","positive",1
"smiling","positive",1
"spacious","positive",1
"succeeding","positive",1
"sunset","positive",1
"surety","positive",1
"surmise","positive",1
"tanned","positive",1
"task","positive",1
"top","positive",1
"undivided","positive",1
"victor","positive",1
"virgin","positive",1
"vision","positive",1
"warrior","positive",1
"watchman","positive",1
"weight","positive",1
"willingly","positive",1
"wisdom","positive",1
"worship","positive",1
"zealous","positive",1
