<?xml version="1.0" encoding="UTF-8"?>
<?xml-model href="http://www.tei-c.org/release/xml/tei/custom/schema/relaxng/tei_all.rng" type="application/xml" schematypens="http://relaxng.org/ns/structure/1.0"?>
<?xml-model href="http://www.tei-c.org/release/xml/tei/custom/schema/relaxng/tei_all.rng" type="application/xml"
	schematypens="http://purl.oclc.org/dsdl/schematron"?>
<TEI xmlns="http://www.tei-c.org/ns/1.0">
   <teiHeader>
      <fileDesc>
         <titleStmt>
            <title>Sonnets</title>
            <author>William Shakespeare</author>
         </titleStmt>
         <publicationStmt>
            <p>Original publication: 1609</p>
         </publicationStmt>
         <sourceDesc>
            <p>Project Gutenberg: https://www.gutenberg.org/ebooks/1041</p>
         </sourceDesc>
      </fileDesc>
   </teiHeader>
  <text>
      <body>
         <div1 type="sequence">
            <div2 type="poem"><head>CLII</head><ab>
               <lb/><cl>In loving thee thou know'st I am forsworn</cl>,
               <lb/>But thou art twice forsworn, to me love swearing;
               <lb/>In act thy bed-vow broke, and new faith torn,
               <lb/>In vowing new hate after new love bearing:
               <lb/>But why of two oaths' breach do I accuse thee,
               <lb/>When I break twenty? I am perjur'd most;
               <lb/>For all my vows are oaths but to misuse thee,
               <lb/>And all my honest faith in thee is lost:
               <lb/>For I have sworn deep oaths of thy deep kindness,
               <lb/>Oaths of thy love, thy truth, thy constancy;
               <lb/>And, to enlighten thee, gave eyes to blindness,
               <lb/>Or made them swear against the thing they see;
               <lb/>For I have sworn thee fair; more perjur'd I,
               <lb/>To swear against the truth so foul a lie!
            </ab></div2>
            
            <div2 type="poem"><head>CLIII</head><ab>
               <lb/>Cupid laid by his brand and fell asleep:
               <lb/>A maid of Dian's this advantage found,
               <lb/>And his love-kindling fire did quickly steep
               <lb/>In a cold valley-fountain of that ground;
               <lb/>Which borrow'd from this holy fire of Love,
               <lb/>A dateless lively heat, still to endure,
               <lb/>And grew a seeting bath, which yet men prove
               <lb/>Against strange maladies a sovereign cure.
               <lb/>But at my mistress' eye Love's brand new-fired,
               <lb/>The boy for trial needs would touch my breast;
               <lb/>I, sick withal, the help of bath desired,
               <lb/>And thither hied, a sad distemper'd guest,
               <lb/>But found no cure, the bath for my help lies
               <lb/>Where Cupid got new fire; my mistress' eyes.
            </ab></div2>
            
            <div2 type="poem"><head>CLIV</head><ab>
               <lb/>The little Love-god lying once asleep,
               <lb/>Laid by his side his heart-inflaming brand,
               <lb/>Whilst many nymphs that vow'd chaste life to keep
               <lb/>Came tripping by; but in her maiden hand
               <lb/>The fairest votary took up that fire
               <lb/>Which many legions of true hearts had warm'd;
               <lb/>And so the general of hot desire
               <lb/>Was, sleeping, by a virgin hand disarm'd.
               <lb/>This brand she quenched in a cool well by,
               <lb/>Which from Love's fire took heat perpetual,
               <lb/>Growing a bath and healthful remedy,
               <lb/>For men diseas'd; but I, my mistress' thrall,
               <lb/>Came there for cure and this by that I prove,
               <lb/>Love's fire heats water, water cools not love.
            </ab></div2>
      </div1></body>
     <back>
        <div type="interpretations">
           <p>
              <interpGrp type="theme">
                 <interp xml:id="theme-fairyouth">fair youth</interp>
                 <interp xml:id="theme-rivalpoet">rival poet</interp>
                 <interp xml:id="theme-darklady">dark lady</interp>
                 <interp xml:id="theme-other">other</interp>
              </interpGrp>
              <interpGrp type="figureofspeech">
                 <interp xml:id="fig-image">image</interp> <!-- yellow -->
                 <interp xml:id="fig-simile">simile</interp> <!-- purple -->
                 <interp xml:id="fig-metaphor">metaphor</interp> <!-- red -->
                 <interp xml:id="fig-metonymy">metonymy</interp> <!-- green -->
                 <interp xml:id="fig-synechdoche">synechdoche</interp> <!-- cyan -->
                 <interp xml:id="fig-personification">personification</interp> <!-- magenta -->
              </interpGrp></p>
        </div>
     </back>
  </text>
</TEI>
