<?xml version="1.0" encoding="UTF-8"?>
<?xml-model href="http://www.tei-c.org/release/xml/tei/custom/schema/relaxng/tei_all.rng" type="application/xml" schematypens="http://relaxng.org/ns/structure/1.0"?>
<?xml-model href="http://www.tei-c.org/release/xml/tei/custom/schema/relaxng/tei_all.rng" type="application/xml"
	schematypens="http://purl.oclc.org/dsdl/schematron"?>
<TEI xmlns="http://www.tei-c.org/ns/1.0">
   <teiHeader>
      <fileDesc>
         <titleStmt>
            <title>Sonnets</title>
            <author>William Shakespeare</author>
         </titleStmt>
         <publicationStmt>
            <p>Original publication: 1609</p>
         </publicationStmt>
         <sourceDesc>
            <p>Project Gutenberg: https://www.gutenberg.org/ebooks/1041</p>
         </sourceDesc>
      </fileDesc>
   </teiHeader>
  <text>
      <body>
         <div1 type="sequence">
            <div2 type="poem" ana="#theme-fairyouth"><head>I</head><ab>
               <cl><lb/>From <w ana="#fig-image">fairest creatures</w> we desire increase,
               <lb/>That thereby <w ana="#fig-metaphor">beauty's rose</w> might never die,</cl>
               <cl><lb/>But as the riper should by time decease,
               <lb/>His <w ana="#fig-image">tender heir</w> might bear his memory:</cl>
               <cl><lb/>But thou, contracted to thine own <w>bright eyes</w>,
               <lb/>Feed'st thy <w>light's flame</w> with <w>self-substantial fuel</w>,
               <lb/>Making a <w>famine</w> where <w>abundance</w> lies,
               <lb/>Thy self thy <w>foe</w>, to thy sweet self too cruel:</cl>
               <cl><lb/>Thou that art now the <w>world's fresh ornament</w>,
               <lb/>And only <w>herald</w> to the <w>gaudy spring</w>,
               <lb/>Within thine own <w>bud</w> buriest thy content,
               <lb/>And <w>tender churl</w> mak'st waste in niggarding:</cl>
               <cl><lb/>Pity the <w>world</w>, or else this glutton be,
               <lb/>To eat the <w>world's</w> due, by the <w ana="#fig-metonymy">grave</w> and thee.</cl>
            </ab></div2>
      </div1></body>
     <back>
        <div type="interpretations">
           <p>
              <interpGrp type="theme">
                 <interp xml:id="theme-fairyouth">fair youth</interp>
                 <interp xml:id="theme-rivalpoet">rival poet</interp>
                 <interp xml:id="theme-darklady">dark lady</interp>
                 <interp xml:id="theme-other">other</interp>
              </interpGrp>
              <interpGrp type="figureofspeech">
                 <interp xml:id="fig-image">image</interp> <!-- yellow -->
                 <interp xml:id="fig-simile">simile</interp> <!-- purple -->
                 <interp xml:id="fig-metaphor">metaphor</interp> <!-- red -->
                 <interp xml:id="fig-metonymy">metonymy</interp> <!-- green -->
                 <interp xml:id="fig-synechdoche">synechdoche</interp> <!-- cyan -->
                 <interp xml:id="fig-personification">personification</interp> <!-- magenta -->
              </interpGrp></p>
        </div>
     </back>
  </text>
</TEI>
